date,title,media_type,url
01/01/2020,Betelgeuse Imagined,image,https://apod.nasa.gov/apod/image/2001/BetelgeuseImagined_EsoCalcada_960.jpg
02/01/2020,The Fainting of Betelgeuse,image,https://apod.nasa.gov/apod/image/2001/OrionTrees123019Westlake1024.jpg
03/01/2020,Quadrantids over the Great Wall,image,https://apod.nasa.gov/apod/image/2001/QuadrantidsChineseGreatWall_1067.jpg
04/01/2020,Aurora Slathers Up the Sky,image,https://apod.nasa.gov/apod/image/2001/aurora_iss052e007857_1024.jpg
05/01/2020,A Starry Night of Iceland,image,https://apod.nasa.gov/apod/image/2001/aurora_vetter_1080.jpg
06/01/2020,Tumultuous Clouds of Jupiter,image,https://apod.nasa.gov/apod/image/2001/JupiterClouds_JunoGill_960.jpg
07/01/2020,IC 405: The Flaming Star Nebula,image,https://apod.nasa.gov/apod/image/2001/IC405hp_ColesHelm_960.jpg
08/01/2020,Galaxies in the River,image,https://apod.nasa.gov/apod/image/2001/NGC1532-final3_1024r.jpg
09/01/2020,Perihelion to Aphelion,image,https://apod.nasa.gov/apod/image/2001/peri-api-sun1024.jpg
10/01/2020,Nacreous Clouds over Sweden,image,https://apod.nasa.gov/apod/image/2001/NacreousPMHeden.jpg
11/01/2020,NGC 602 and Beyond,image,https://apod.nasa.gov/apod/image/2001/ngc602_ChandraHubbleSpitzer_960.jpg
12/01/2020,Stars and Dust in Corona Australis,image,https://apod.nasa.gov/apod/image/2001/NGC6726_Schedler_960.jpg
13/01/2020,A Desert Eclipse,image,https://apod.nasa.gov/apod/image/2001/DesertEclipse_Daviron_960.jpg
14/01/2020,Evidence of an Active Volcano on Venus,image,https://apod.nasa.gov/apod/image/2001/IdunnMons_VenusExpress_1080.jpg
15/01/2020,Iridescent Clouds over Sweden,image,https://apod.nasa.gov/apod/image/2001/IridescentClouds_Strand_960.jpg
16/01/2020,NGC 247 and Friends,image,https://apod.nasa.gov/apod/image/2001/NGC247hager_1024.jpg
17/01/2020,Apollo 17: A Stereo View from Lunar Orbit,image,https://apod.nasa.gov/apod/image/2001/22466-22467anaVantuyne900.jpg
18/01/2020,An Almost Eclipse of the Moon,image,https://apod.nasa.gov/apod/image/2001/APOD-Soponyai-PenumbralEclipse1067.jpg
19/01/2020,M1: The Incredible Expanding Crab Nebula,video,https://www.youtube.com/embed/qL1f40NPG8w?rel=0
20/01/2020,Quadrantid Meteors through Orion,image,https://apod.nasa.gov/apod/image/2001/QuadrantidsOrion_Horalek_960.jpg
21/01/2020,Parker: Sounds of the Solar Wind,video,https://www.youtube.com/embed/hgzGET6owYk?rel=0
22/01/2020,The Hyades Star Cluster,image,https://apod.nasa.gov/apod/image/2001/Hyades_Mtanous_1080.jpg
23/01/2020,Globular Star Cluster NGC 6752,image,https://apod.nasa.gov/apod/image/2001/NGC6752LRGBcrop1024.jpg
24/01/2020,Into the  Shadow,image,https://apod.nasa.gov/apod/image/2001/IntoTheShadow_apod1024.jpg
25/01/2020,Rubin's Galaxy,image,https://apod.nasa.gov/apod/image/2001/RubinsGalaxy_hst1024.jpg
26/01/2020,"Hills, Ridges, and Tracks on Mars",image,https://apod.nasa.gov/apod/image/2001/HillsRidgesTracks_Curiosity_1080.jpg
27/01/2020,Comet CG Evaporates,image,https://apod.nasa.gov/apod/image/2001/Comet67P_Rosetta_1024.jpg
28/01/2020,Star Formation in the Tadpole Nebula,image,https://apod.nasa.gov/apod/image/2001/ic410_WISEantonucci_960.jpg
29/01/2020,Milky Way over Yellowstone,image,https://apod.nasa.gov/apod/image/2001/StoneyWay_Jacobs_960.jpg
30/01/2020,Two Clusters and a Comet,image,https://apod.nasa.gov/apod/image/2001/C2017T2_2020-01-24-26-28_posta1024.jpg
31/01/2020,Goldilocks Zones and Stars,image,https://apod.nasa.gov/apod/image/2001/STSCI-H-p2006a-h-1024x614.jpg
01/02/2020,Apollo 14 Heads for Home,image,https://apod.nasa.gov/apod/image/2002/AS14-71-9845v2wmktwtr4Jerry1024.jpg
02/02/2020,Zeta Oph: Runaway Star,image,https://apod.nasa.gov/apod/image/2002/ZetaOph_spitzer_960.jpg
03/02/2020,Solar Granules at Record High Resolution,video,https://www.youtube.com/embed/CCzl0quTDHw?rel=0
04/02/2020,A Sunset Night Sky over the Grand Canyon,image,https://apod.nasa.gov/apod/image/2002/GrandCanyonSunset_Fugate_960.jpg
05/02/2020,Lunar Eclipse Perspectives,image,https://apod.nasa.gov/apod/image/2002/LunarParallaxC_PonEtal_960_annotated.jpg
06/02/2020,Southern Moonscape,image,https://apod.nasa.gov/apod/image/2002/SouthernMoonscapeClaviusTycho1024.jpg
07/02/2020,NGC 7331 Close Up,image,https://apod.nasa.gov/apod/image/2002/potw1805b_ngc7331.jpg
08/02/2020,Cosmic Clouds in the Unicorn,image,https://apod.nasa.gov/apod/image/2002/ConeNebula_astrofalls1024.jpg
09/02/2020,To Fly Free in Space,image,https://apod.nasa.gov/apod/image/2002/freeflyer_nasa_960.jpg
10/02/2020,Solar Eclipse over the UAE,image,https://apod.nasa.gov/apod/image/2002/EclipseCamel_Cripps_960.jpg
11/02/2020,Launch of the Solar Orbiter,image,https://apod.nasa.gov/apod/image/2002/SolarOrbiterLaunch_Demeter_960.jpg
12/02/2020,Star Trails of the North and South,image,https://apod.nasa.gov/apod/image/2002/StarTrailsTree_Parchini_1080.jpg
13/02/2020,Spitzer's Trifid,image,https://apod.nasa.gov/apod/image/2002/trifid_spitzerR1024.jpg
14/02/2020,The Pale Blue Dot,image,https://apod.nasa.gov/apod/image/2002/PIA23645PaleBlueDot_c1024.jpg
15/02/2020,Carina Nebula Close Up,image,https://apod.nasa.gov/apod/image/2002/Eta-HST-ESO-New-LL1024.jpg
16/02/2020,NGC 2392: Double-Shelled Planetary Nebula,image,https://apod.nasa.gov/apod/image/2002/NGC2392_HubbleSchmidt_960.jpg
17/02/2020,The Changing Surface of Fading Betelgeuse,image,https://apod.nasa.gov/apod/image/2002/Betelgeuse2019_ESO_1080.jpg
18/02/2020,Orion over the Central Bohemian Highlands,image,https://apod.nasa.gov/apod/image/2002/OrionOverCzech_Bauer_960.jpg
19/02/2020,UGC 12591: The Fastest Rotating Galaxy Known,image,https://apod.nasa.gov/apod/image/2002/UGC12951_HubbleShatz_960.jpg
20/02/2020,Trifecta at Twilight,image,https://apod.nasa.gov/apod/image/2002/ISS_Moon_Mars_composite1024.jpg
21/02/2020,LDN 1622: Dark Nebula in Orion,image,https://apod.nasa.gov/apod/image/2002/ldn1622MinXie1024c.jpg
22/02/2020,Central Centaurus A,image,https://apod.nasa.gov/apod/image/2002/CenA_hst1000.jpg
23/02/2020,Illustris Simulation of the Universe,video,https://www.youtube.com/embed/QSivvdIyeG4?rel=0
24/02/2020,"Moon Corona, Halo, and Arcs over Manitoba",image,https://apod.nasa.gov/apod/image/2002/MoonHalo_Mckean_960.jpg
25/02/2020,Jupiter's Magnetic Field from Juno,video,https://www.youtube.com/embed/-N7nRh5v1Iw?rel=0
26/02/2020,NGTS-10b: Discovery of a Doomed Planet,image,https://apod.nasa.gov/apod/image/2002/HotJupiter_ESACarreau_960.jpg
27/02/2020,Two Hemisphere Night Sky,image,https://apod.nasa.gov/apod/image/2002/LaSillaLaPalma_Horalek_Casado_ZLCircle_viz_1124px.jpg
28/02/2020,South Celestial Rocket Launch,image,https://apod.nasa.gov/apod/image/2002/Stack10_electron1024.jpg
29/02/2020,Julius Caesar and Leap Days,image,https://apod.nasa.gov/apod/image/2002/CaesarCoin_Wikipedia_960.jpg
01/03/2020,A Hole in Mars,image,https://apod.nasa.gov/apod/image/2003/marshole2r_hirise_960.jpg
02/03/2020,Sharpless-308: The Dolphin Nebula,image,https://apod.nasa.gov/apod/image/2003/Dolphin_Pleiades_960.jpg
03/03/2020,Apollo 13 Views of the Moon,video,https://www.youtube.com/embed/Ilifg26TZrI?rel=0
04/03/2020,The Slow Dance of Galaxies NGC 5394 and 5395,image,https://apod.nasa.gov/apod/image/2003/NGC5394n5_gemini_960.jpg
05/03/2020,"The Light, the Dark, and the Dusty",image,https://apod.nasa.gov/apod/image/2003/CaveNebulaHaRGB_1024.jpg
06/03/2020,Mars Panorama from Curiosity,image,https://apod.nasa.gov/apod/image/2003/PIA23623_fig1_600v.jpg
07/03/2020,Pic du Midi Panorama,image,https://apod.nasa.gov/apod/image/2003/Pano_Robley2.jpg
08/03/2020,Wolf-Rayet Star 124: Stellar Wind Machine,image,https://apod.nasa.gov/apod/image/2003/wr124_hubbleschmidt_960.jpg
09/03/2020,Milky Way and Zodiacal Light over Chile,image,https://apod.nasa.gov/apod/image/2003/ZodiacalMw_Ponca_960.jpg
10/03/2020,"Wide Field: Fox Fur, Unicorn, and Christmas Tree",image,https://apod.nasa.gov/apod/image/2003/ConeTreeWide_Gurdak_960.jpg
11/03/2020,An Extreme Black Hole Outburst,image,https://apod.nasa.gov/apod/image/2003/OphGalaxyClusterLabeled_Chandra_960.jpg
12/03/2020,Falcon 9 Boostback,image,https://apod.nasa.gov/apod/image/2003/crs20_boostback1024.jpg
13/03/2020,Starry Night by Jean-Francois Millet,image,https://apod.nasa.gov/apod/image/2003/ag-obj-52945-001-1024b05.jpg
14/03/2020,Moonrise and Mountain Shadow,image,https://apod.nasa.gov/apod/image/2003/MoonriseShadowDLopez_1024.jpg
15/03/2020,The Snows of Churyumov-Gerasimenko,video,https://www.youtube.com/embed/PpyPgJHKxSw?rel=0
16/03/2020,A Moon Dressed Like Saturn,image,https://apod.nasa.gov/apod/image/2003/SaturnMoon_Sojuel_960.jpg
17/03/2020,M77: Spiral Galaxy with an Active Center,image,https://apod.nasa.gov/apod/image/2003/M77Halpha_HubbleSchmidt_960.jpg
18/03/2020,Anticrepuscular Rays over Florida,image,https://apod.nasa.gov/apod/image/2003/AntiCrepRays_Goff_960.jpg
19/03/2020,M13: The Great Globular Cluster in Hercules,image,https://apod.nasa.gov/apod/image/2003/Messier13_HelmColes1024.jpg
20/03/2020,"Morning, Planets, Moon and Montreal",image,https://apod.nasa.gov/apod/image/2003/conjonction-montreal-200318_crop1016.jpg
21/03/2020,Comet ATLAS and the Mighty Galaxies,image,https://apod.nasa.gov/apod/image/2003/C2019Y4_200318_FB1024.jpg
22/03/2020,Moon Setting Behind Teide Volcano,video,https://www.youtube.com/embed/afHfMMC-MJE?rel=0
23/03/2020,From the Pleiades to the Eridanus Loop,image,https://apod.nasa.gov/apod/image/2003/Taurus2Eridanus_Okubo_960.jpg
24/03/2020,A Black Hole Disrupts a Passing Star,image,https://apod.nasa.gov/apod/image/2003/BhShredder_NASA_1080.jpg
25/03/2020,Star Forming Region S106,image,https://apod.nasa.gov/apod/image/2003/S106_Mishra_960.jpg
26/03/2020,Andromeda Station,image,https://apod.nasa.gov/apod/image/2003/AndromedaStation1049.jpg
27/03/2020,A Little Drop of Galaxy,image,https://apod.nasa.gov/apod/image/2003/Galassiainunagoccia1024.jpg
28/03/2020,Stars Trail over Ragusa,image,https://apod.nasa.gov/apod/image/2003/STARTRAILRAGUSA14_03_2020_14mm1024px.jpg
29/03/2020,A 212-Hour Exposure of Orion,image,https://apod.nasa.gov/apod/image/1511/Orion212_Volskiy_960.jpg
30/03/2020,The Colors of Saturn from Cassini,image,https://apod.nasa.gov/apod/image/2003/SaturnColors_CassiniSchmidt_960.jpg
31/03/2020,The Galactic Center from Radio to X-ray,image,https://apod.nasa.gov/apod/image/2003/GalCenterRadXray_NASA_1080.jpg
01/04/2020,Asteroid or Potato?,image,https://apod.nasa.gov/apod/image/2004/PotatoPod_Sutton_960.jpg
02/04/2020,Venus and the Pleiades in April,image,https://apod.nasa.gov/apod/image/2004/Venus-Pleiades2020-1.jpg
03/04/2020,The Traffic in Taurus,image,https://apod.nasa.gov/apod/image/2004/TrafficTaurusLionelMajzik_1067.jpg
04/04/2020,Venus and the Sisters,image,https://apod.nasa.gov/apod/image/2004/VenusM45-2020Apr02-105x.jpg
05/04/2020,Color the Universe,image,https://apod.nasa.gov/apod/image/1607/BeyondEarth_Unknown_960.jpg
06/04/2020,NGC 1672: Barred Spiral Galaxy from Hubble,image,https://apod.nasa.gov/apod/image/2004/NGC1672_HubbleNobre_960.jpg
07/04/2020,A Path North,image,https://apod.nasa.gov/apod/image/2004/PathNorth_Konang_960.jpg
08/04/2020,Country Sky versus City Sky,image,https://apod.nasa.gov/apod/image/2004/LightPollutionPan_Slovinsky_960_labeled.jpg
09/04/2020,A Flow of Time,image,https://apod.nasa.gov/apod/image/2004/Flow_of_time_APOD1024.jpg
10/04/2020,Full Moon of Spring,image,https://apod.nasa.gov/apod/image/2004/MoonSpringDai_1024crop.jpg
11/04/2020,Venus and the Pleiades in April,image,https://apod.nasa.gov/apod/image/2004/TimelapseVenusPleiadesFinazzi800.jpg
12/04/2020,The Horsehead Nebula in Infrared from Hubble,image,https://apod.nasa.gov/apod/image/2004/horseheadir_hubble_960.jpg
13/04/2020,A Sailing Stone across Death Valley,image,https://apod.nasa.gov/apod/image/2004/SailingStone_Burke_960.jpg
14/04/2020,NGC 253: The Silver Coin Galaxy,image,https://apod.nasa.gov/apod/image/2004/NGC253_HstSubaruEsoNew_960.jpg
15/04/2020,A Cosmic Triangle,image,https://apod.nasa.gov/apod/image/2004/MVP_Aspinall_960.jpg
16/04/2020,Comet ATLAS Breaks Up,image,https://apod.nasa.gov/apod/image/2004/C2019Y4_20.04.13_1100px.jpg
17/04/2020,The Windmill and the Star Trails,image,https://apod.nasa.gov/apod/image/2004/WindmillStarTrails1024.jpg
18/04/2020,Just Another Day on Aerosol Earth,image,https://apod.nasa.gov/apod/image/2004/atmosphere_geo5_2018235_eq1200.jpg
19/04/2020,Cassini Approaches Saturn,video,https://player.vimeo.com/video/11386048#t=0m58s?color=8BA0FF&portrait=0
20/04/2020,IC 2944: The Running Chicken Nebula,image,https://apod.nasa.gov/apod/image/2004/IC2944_Filas_960.jpg
21/04/2020,Eye on the Milky Way,image,https://apod.nasa.gov/apod/image/2004/EyeOnMW_Claro_960.jpg
22/04/2020,Planet Earth at Twilight,image,https://apod.nasa.gov/apod/image/2004/ISS002-E-7377_1024c.jpg
23/04/2020,Lyrid Meteor Streak,image,https://apod.nasa.gov/apod/image/2004/ZGL-200422-0497_1024.jpg
24/04/2020,Around the World at Night,video,https://www.youtube.com/embed/aQ-cG_6WhDM?rel=0
25/04/2020,Hubble's Cosmic Reef,image,https://apod.nasa.gov/apod/image/2004/STSCI-H-p2016a-z-1000x687.jpg
26/04/2020,Edwin Hubble Discovers the Universe,image,https://apod.nasa.gov/apod/image/2004/HubbleVarOrig_Carnegie_960.jpg
27/04/2020,Fresh Tiger Stripes on Saturn's Enceladus,image,https://apod.nasa.gov/apod/image/2004/enceladusstripes_cassini_960.jpg
28/04/2020,The Kepler-90 Planetary System,image,https://apod.nasa.gov/apod/image/2004/Kepler90Illustration_Kepler_1080.jpg
29/04/2020,The Ion Tail of New Comet SWAN,image,https://apod.nasa.gov/apod/image/2004/CometSwan_Rhemann_960.jpg
30/04/2020,Andromeda Island Universe,image,https://apod.nasa.gov/apod/image/2004/M31Dec2019final1YuzheB2_1024.jpg
01/05/2020,A View Toward M106,image,https://apod.nasa.gov/apod/image/2005/M106_ORG4_APOD1024c.jpg
02/05/2020,"Radio, The Big Ear, and the Wow! Signal",image,https://apod.nasa.gov/apod/image/2005/bigear_rickscott_big.jpg
03/05/2020,A Message from Earth,image,https://apod.nasa.gov/apod/image/2005/Message_Arecibo_960.jpg
04/05/2020,Earth Flyby of BepiColombo,video,https://www.youtube.com/embed/zWFuCO7jyBk?rel=0
05/05/2020,Carina in Perspective,image,https://apod.nasa.gov/apod/image/2005/CarinaPerspective_Fairbairn_960.jpg
06/05/2020,LDN 1471: A Windblown Star Cavity,image,https://apod.nasa.gov/apod/image/2005/LDN1471_HubbleSchmidt_960.jpg
07/05/2020,Analemma of the Moon,image,https://apod.nasa.gov/apod/image/2005/APOD_Soponyai_Analemma_Moon.jpg
08/05/2020,Long Tailed Comet SWAN,image,https://apod.nasa.gov/apod/image/2005/c2020_f8_2020_05_02dp_1024.jpg
09/05/2020,Full Flower Moonrise,image,https://apod.nasa.gov/apod/image/2005/FullFlowerMoonrise_Boldrini.jpg
10/05/2020,The Porpoise Galaxy from Hubble,image,https://apod.nasa.gov/apod/image/2005/PorpoiseGalaxy_HubbleFraile_960.jpg
11/05/2020,Behind Betelgeuse,image,https://apod.nasa.gov/apod/image/2005/betelgeuse_block_960.jpg
12/05/2020,Lyrid Meteors from the Constellation Lyra,image,https://apod.nasa.gov/apod/image/2005/Lyrids_Horalek_960.jpg
13/05/2020,Jupiter in Infrared from Gemini,image,https://apod.nasa.gov/apod/image/2005/JupiterIR_Gemini_960.jpg
14/05/2020,Comet Halley vs Comet SWAN,image,https://apod.nasa.gov/apod/image/2005/SWAN1_perrot.jpg
15/05/2020,Galaxy Wars: M81 and M82,image,https://apod.nasa.gov/apod/image/2005/M81-82_1024.jpg
16/05/2020,The Dark River to Antares,image,https://apod.nasa.gov/apod/image/2005/Reflections_APOD1200.jpg
17/05/2020,A Waterspout in Florida,image,https://apod.nasa.gov/apod/image/2005/waterspout_mole_960.jpg
18/05/2020,Journey into the Cosmic Reef,video,https://www.youtube.com/embed/1qO6SG1HzyI
19/05/2020,Posters of the Solar System,image,https://apod.nasa.gov/apod/image/2005/SolarSystemPosters_NASA_1080.jpg
20/05/2020,"Moon, Mars, Saturn, Jupiter, Milky Way",image,https://apod.nasa.gov/apod/image/2005/MoonPlanetsMW_Minkov_1080.jpg
21/05/2020,Phases of Venus,image,https://apod.nasa.gov/apod/image/2005/PhasesVenusAddis.jpg
22/05/2020,South of Carina,image,https://apod.nasa.gov/apod/image/2005/SouthCarina_SHO_final1024.jpg
23/05/2020,Ghost Fungus to Magellanic Cloud,image,https://apod.nasa.gov/apod/image/2005/IMG_1478-Edit1200.jpg
24/05/2020,Valles Marineris: The Grand Canyon of Mars,image,https://apod.nasa.gov/apod/image/2005/marsglobe_viking_960.jpg
25/05/2020,Mystic Mountain Monster being Destroyed,image,https://apod.nasa.gov/apod/image/2005/MysticPillar_HubbleSchmidt_960.jpg
26/05/2020,The Milky Way over Snow-Capped Himalayas,image,https://apod.nasa.gov/apod/image/2005/MwMountains_Havel_960.jpg
27/05/2020,Earth and Moon through Saturn's Rings,image,https://apod.nasa.gov/apod/image/2005/SaturnEarthMoon_Cassini_960.jpg
28/05/2020,Reflecting the International Space Station,image,https://apod.nasa.gov/apod/image/2005/ISS-Lighttrail-Reflection_invert.jpg
29/05/2020,Mercury Meets Crescent Venus,image,https://apod.nasa.gov/apod/image/2005/Venere-e-Mercurio-tra-gli-Eucalipti1024.jpg
30/05/2020,"Green Flashes: Sun, Moon, Venus, Mercury",image,https://apod.nasa.gov/apod/image/2005/GreenFlashdidacopia2.jpg
31/05/2020,Aurora over Sweden,image,https://apod.nasa.gov/apod/image/2005/AuroraSweden_Strand_960.jpg
01/06/2020,The Lively Center of the Lagoon Nebula,image,https://apod.nasa.gov/apod/image/2006/LagoonCenter_HubbleGravinese_960.jpg
02/06/2020,Novel Coronavirus Attacks Humanity,image,https://apod.nasa.gov/apod/image/2006/SarsCov2_Niaid_960.jpg
03/06/2020,The Dance of Venus and Earth,video,https://www.youtube.com/embed/Cd5a5KdPxQc?rel=0
04/06/2020,Portrait of NGC 3628,image,https://apod.nasa.gov/apod/image/2006/N3628_StefanoCancelli_PaulMortfield1024.jpg
05/06/2020,Dragon over Central Park,image,https://apod.nasa.gov/apod/image/2006/SHonda_ISS-Dragon-NY-0530_1024.jpg
06/06/2020,Comet PanSTARRs and the Galaxies,image,https://apod.nasa.gov/apod/image/2006/C2017T2_M81M82_May22_23_2020_DEBartlett1024.jpg
07/06/2020,Halo of the Cat's Eye,image,https://apod.nasa.gov/apod/image/2006/catseye2_not_960.jpg
08/06/2020,Atmospheric Ring of Venus,image,https://apod.nasa.gov/apod/image/2006/VenusFireRing_Lawrence_960.jpg
09/06/2020,Orion over Argentine Mountains,image,https://apod.nasa.gov/apod/image/2006/OrionMountains_Tabbush_960.jpg
11/06/2020,Barred Spiral Galaxy NGC 1300,image,https://apod.nasa.gov/apod/image/2006/NGC1300HST1200.jpg
12/06/2020,NGC 2359: Thor's Helmet,image,https://apod.nasa.gov/apod/image/2006/ThorsHelmet800.jpg
13/06/2020,SpaceX Demo-2 Launch,image,https://apod.nasa.gov/apod/image/2006/demo-2_crewedlaunchIR1100.jpg
14/06/2020,Happy People Dancing on Planet Earth,video,https://www.youtube.com/embed/M6-iC_aYcug?rel=0
15/06/2020,A Ring of Fire Sunrise Solar Eclipse,video,https://www.youtube.com/embed/UJfpqSj7cCs?rel=0
16/06/2020,APOD is 25 Years Old Today,video,https://www.youtube.com/embed/bhJ0MotUblo?rel=0
17/06/2020,Magnetic Streamlines of the Milky Way,image,https://apod.nasa.gov/apod/image/2006/PolarisedMilkyWay_Planck_1080.jpg
18/06/2020,The Tadpoles of IC 410,image,https://apod.nasa.gov/apod/image/2006/Tadpoles-of-IC-410-Trevor-Jones.jpg
19/06/2020,The Veins of Heaven,image,https://apod.nasa.gov/apod/image/2006/IMG_4164a_1024s.jpg
20/06/2020,Northern Summer on Titan,image,https://apod.nasa.gov/apod/image/2006/PIA21615TitanNorthSummer1024.jpg
21/06/2020,Moon Occults Venus,image,https://apod.nasa.gov/apod/image/2006/VenusSet_Kananovich_1000.jpg
22/06/2020,Moon Mountains Magnified during Ring of Fire Eclipse,image,https://apod.nasa.gov/apod/image/2006/BeadMountains_Letian_960.jpg
23/06/2020,The X-Ray Sky from eROSITA,image,https://apod.nasa.gov/apod/image/2006/SkyMapB_eROSITA_960.jpg
24/06/2020,Inverted City Beneath Clouds,image,https://apod.nasa.gov/apod/image/2006/ChicagoClouds_Hersch_960.jpg
25/06/2020,"Eclipse Street, Hong Kong",image,https://apod.nasa.gov/apod/image/2006/HongKong2020JuneEclipse_Chan1024.jpg
26/06/2020,Eclipse under the Bamboo,image,https://apod.nasa.gov/apod/image/2006/Eclipse-under-bamboos1024c.jpg
27/06/2020,Eclipse under the ISS,image,https://apod.nasa.gov/apod/image/2006/iss063e031761_June2020ase1024.jpg
28/06/2020,Europa and Jupiter from Voyager 1,image,https://apod.nasa.gov/apod/image/2006/EuropaJupiter_Voyager_960.jpg
29/06/2020,Dark Sky Reflections,image,https://apod.nasa.gov/apod/image/2006/SkyReflections_Godward_1080.jpg
30/06/2020,Bright Planetary Nebula NGC 7027 from Hubble,image,https://apod.nasa.gov/apod/image/2006/ngc7027_HubbleKastner_960.jpg
01/07/2020,Our Rotating Earth,video,https://www.youtube.com/embed/re3oEKX6Fks?rel=0
02/07/2020,"The Galaxy, the Planet, and the Apple Tree",image,https://apod.nasa.gov/apod/image/2007/Kristine-Rose-Photography-20200616_001s1024.jpg
03/07/2020,Lynds Dark Nebula 1251,image,https://apod.nasa.gov/apod/image/2007/ldn1251_jerahian1024.jpg
04/07/2020,Meeting in the Mesosphere,image,https://apod.nasa.gov/apod/image/2007/msv1000crop.jpg
05/07/2020,Saturn's Northern Hexagon,image,https://apod.nasa.gov/apod/image/2007/NorthSaturn_Cassini_960.jpg
06/07/2020,"M43: Dust, Gas, and Stars in the Orion Nebula",image,https://apod.nasa.gov/apod/image/2007/M43_HubbleGoff_960.jpg
07/07/2020,Comet NEOWISE over Lebanon,image,https://apod.nasa.gov/apod/image/2007/Neowise_Moophz_960.jpg
08/07/2020,Mercury's Sodium Tail,image,https://apod.nasa.gov/apod/image/2007/MercuryTail_Alessandrini_960.jpg
09/07/2020,Noctilucent Clouds and Comet NEOWISE,image,https://apod.nasa.gov/apod/image/2007/noctilucentNeowisePaoly600h.jpg
10/07/2020,Comet NEOWISE from the ISS,image,https://apod.nasa.gov/apod/image/2007/ISS063-E-39888_APOD1050.jpg
11/07/2020,The Tails of Comet NEOWISE,image,https://apod.nasa.gov/apod/image/2007/C2020_F3_NEOWISE_2020_07_10_druckmuller1024.jpg
12/07/2020,Comet CG Creates Its Dust Tail,image,https://apod.nasa.gov/apod/image/2007/Comet67P_Rosetta_960.jpg
13/07/2020,Comet NEOWISE Rising over the Adriatic Sea,video,https://www.youtube.com/embed/ts0Ek3nLHew?rel=0
14/07/2020,Comet NEOWISE over Stonehenge,image,https://apod.nasa.gov/apod/image/2007/NeowiseStonehenge_Deval_960.jpg
15/07/2020,Comet NEOWISE over the Swiss Alps,image,https://apod.nasa.gov/apod/image/2007/NeowiseAlps_salzgeber_960.jpg
16/07/2020,The Long Tails of Comet NEOWISE,image,https://apod.nasa.gov/apod/image/2007/2020_07_14_NEOWISE_Suchy_Vrch_1263px.jpg
17/07/2020,NEOWISE of the North,image,https://apod.nasa.gov/apod/image/2007/DSC1028_PetersNEOWISEAuroralSpike_800.jpg
18/07/2020,Finding NEOWISE,image,https://apod.nasa.gov/apod/image/2007/NEOWISEBelowBigDipper-7-16-2020-TomMasterson1081.jpg
19/07/2020,Rotating Moon from LRO,video,https://www.youtube.com/embed/sNUNB6CMnE8?rel=0
20/07/2020,Comet NEOWISE and Nebulae,image,https://apod.nasa.gov/apod/image/2007/NeowiseNebs_Oszywa_960.jpg
21/07/2020,Iron in the Butterfly Nebula,image,https://apod.nasa.gov/apod/image/2007/Butterfly_HubbleSchmidt_1080.jpg
22/07/2020,The Structured Tails of Comet NEOWISE,image,https://apod.nasa.gov/apod/image/2007/Neowise_Lin_960.jpg
23/07/2020,Fairytale NEOWISE,image,https://apod.nasa.gov/apod/image/2007/SGUNeuschwansteinNeowiseIMG2532-1050.jpg
24/07/2020,MAGIC NEOWISE,image,https://apod.nasa.gov/apod/image/2007/DSC7590-Leutenegger1200c.jpg
25/07/2020,Tianwen-1 Mission to Mars,image,https://apod.nasa.gov/apod/image/2007/169A2911Dai1024.jpg
26/07/2020,A Flight through the Hubble Ultra Deep Field,video,https://www.youtube.com/embed/PDMp8a-YNe0?rel=0
27/07/2020,Comet and Lightning Beyond Bighorn Mountains,image,https://apod.nasa.gov/apod/image/2007/CometLightning_Palmer_960.jpg
28/07/2020,NGC 6188: The Dragons of Ara,image,https://apod.nasa.gov/apod/image/2007/N6188_Cappelletti_960.jpg
29/07/2020,The Giants of Summer,image,https://apod.nasa.gov/apod/image/2007/giantsummerAPOD.jpg
30/07/2020,The Red Planet Mars,image,https://apod.nasa.gov/apod/image/2007/Mars23Jul2020-LDB3.jpg
31/07/2020,"Mars 2020 from 5,000 Feet",image,https://apod.nasa.gov/apod/image/2007/Mars2020launchKraus1024.jpg
01/08/2020,The Elephant's Trunk Nebula in Cepheus,image,https://apod.nasa.gov/apod/image/2008/IC1396_Chad_Leader1208.jpg
02/08/2020,"Two Worlds, One Sun",image,https://apod.nasa.gov/apod/image/2008/TwoWorldsOneSun_Bouic_1080.jpg
03/08/2020,Comet NEOWISE over Vikos Gorge,image,https://apod.nasa.gov/apod/image/2008/NeowiseGorge_Emmanouilidi_960.jpg
04/08/2020,NGC 2442: Galaxy in Volans,image,https://apod.nasa.gov/apod/image/2008/NGC2442_HstGendler_960.jpg
05/08/2020,Picture Rocks Sun Dagger,video,https://www.youtube.com/embed/X_UOLpUDwpU?rel=0
06/08/2020,Messier 20 and 21,image,https://apod.nasa.gov/apod/image/2008/trifidnebulaM20M21_1024.jpg
07/08/2020,The Pipe Nebula,image,https://apod.nasa.gov/apod/image/2008/pipenebula_rc3_1024.jpg
08/08/2020,Crescent Saturn,image,https://apod.nasa.gov/apod/image/2008/CrescentSaturn_cassini_1080.jpg
09/08/2020,The Origin of Elements,image,https://apod.nasa.gov/apod/image/2008/Nucleosynthesis2_WikipediaCmglee_1080.jpg
10/08/2020,Perseids from Perseus,image,https://apod.nasa.gov/apod/image/2008/NightOfThePerseids_Horalek_960.jpg
11/08/2020,Churning Clouds on Jupiter,image,https://apod.nasa.gov/apod/image/2008/JupiterChurning_JunoGill_1080.jpg
12/08/2020,The Shifting Tails of Comet NEOWISE,image,https://apod.nasa.gov/apod/image/2008/NeowiseSequence_Llorens_960_annotated.jpg
13/08/2020,Jupiter and Saturn Rising Beyond Alien Throne Rock,image,https://apod.nasa.gov/apod/image/2008/AlienThrone_Zajac_960.jpg
14/08/2020,NGC 5189: An Unusually Complex Planetary Nebula,image,https://apod.nasa.gov/apod/image/2008/NGC5189_HubbleVargas_960.jpg
17/08/2020,Perseids Around the Milky Way,image,https://apod.nasa.gov/apod/image/2008/PerseidBridge_Zhang_1080.jpg
18/08/2020,TYC 8998-760-1: Multiple Planets around a Sun Like Star,image,https://apod.nasa.gov/apod/image/2008/TYC8998_ESO_960.jpg
19/08/2020,The Sun Rotating,video,https://www.youtube.com/embed/2WRgXvdasm0
20/08/2020,Seeing Titan,image,https://apod.nasa.gov/apod/image/2008/PIA21923_fig1SeeingTitan1024.jpg
21/08/2020,Unwinding M51,image,https://apod.nasa.gov/apod/image/2008/M51Unwound_crop600.jpg
22/08/2020,Yogi And Friends In 3D,image,https://apod.nasa.gov/apod/image/2008/mars10_st_path_big.jpg
23/08/2020,The Helix Nebula from Blanco and Hubble,image,https://apod.nasa.gov/apod/image/2008/helix_blancoHubble_1080.jpg
24/08/2020,Crescent Moon HDR,image,https://apod.nasa.gov/apod/image/2008/HdrMoon_Claro_1080.jpg
25/08/2020,Visualization: A Black Hole Accretion Disk,video,https://www.youtube.com/embed/l36UkYtq6m0?rel=0
26/08/2020,Cygnus Skyscape,image,https://apod.nasa.gov/apod/image/2008/CygnusVeil_Symon_960.jpg
27/08/2020,Shell Galaxies in Pisces,image,https://apod.nasa.gov/apod/image/2008/ngc474MP1024.jpg
28/08/2020,The Valley of Orion,image,https://apod.nasa.gov/apod/image/2008/PIA22089OrionValley.jpg
29/08/2020,Martian Chiaroscuro,image,https://apod.nasa.gov/apod/image/2008/marsHirise_ESP_035143_1325_1096.jpg
30/08/2020,NGC 6357: Cathedral to Massive Stars,image,https://apod.nasa.gov/apod/image/2008/ngc6357_hubble_960.jpg
31/08/2020,SS 433: Binary Star Micro-Quasar,video,https://www.youtube.com/embed/ld-bG1CjkZY?rel=0
01/09/2020,Salt Water Remnants on Ceres,video,https://www.youtube.com/embed/ALaOGmu1S0I?rel=0
02/09/2020,Jupiter and the Moons,image,https://apod.nasa.gov/apod/image/2009/JupiterAndMoons_Fedez_1080.jpg
03/09/2020,A Halo for Andromeda,image,https://apod.nasa.gov/apod/image/2009/STScI-H-p2046b-m-1024x1025.jpg
04/09/2020,The Wizard Nebula,image,https://apod.nasa.gov/apod/image/2009/AndrewKlinger_wizard_sho_res25_sig1024.jpg
05/09/2020,A Falcon 9 Moon,image,https://apod.nasa.gov/apod/image/2009/Falcon9MoonKatieDarby1200.jpg
06/09/2020,M1: The Crab Nebula from Hubble,image,https://apod.nasa.gov/apod/image/2009/CrabNebula_Hubble_960.jpg
07/09/2020,The Milky Way over St Michael's Mount,image,https://apod.nasa.gov/apod/image/2009/StMiMo_Hudson_960.jpg
08/09/2020,GW190521: Unexpected Black Holes Collide,image,https://apod.nasa.gov/apod/image/2009/GW190521_Virgo_1080.jpg
09/09/2020,Pleiades: The Seven Sisters Star Cluster,image,https://apod.nasa.gov/apod/image/2009/Pleiades_Fraile_960.jpg
10/09/2020,Jupiter's Swimming Storm,image,https://apod.nasa.gov/apod/image/2009/Jupiters1_swimmingstormsACasely1024.jpg
11/09/2020,The Reappearance of Mars,image,https://apod.nasa.gov/apod/image/2009/MarsReappearanceDuarte1024.jpg
12/09/2020,A Thousand Meteors,video,https://player.vimeo.com/video/438799770
13/09/2020,M2-9: Wings of a Butterfly Nebula,image,https://apod.nasa.gov/apod/image/2009/M2D9_HubbleSchmidt_985.jpg
14/09/2020,Corn Moon Rising,image,https://apod.nasa.gov/apod/image/2009/CornMoonRising_Palma_960.jpg
15/09/2020,Biomarker Phosphine Discovered in the Atmosphere of Venus,image,https://apod.nasa.gov/apod/image/2009/VenusClouds_Akatzuki_960.jpg
16/09/2020,Gravel Ejected from Asteroid Bennu,image,https://apod.nasa.gov/apod/image/2009/BennuEjecting_OsirisRex_960.jpg
17/09/2020,Solar Cycle 25 Has Begun,image,https://apod.nasa.gov/apod/image/2009/ig_maxmin.jpg
18/09/2020,Arp 78: Peculiar Galaxy in Aries,image,https://apod.nasa.gov/apod/image/2009/NGC772_PS2_CROP_INSIGHT1024.jpg
19/09/2020,Orion in Depth,image,https://apod.nasa.gov/apod/image/2009/Orion3Ddavison1024.jpg
20/09/2020,Breaking Distant Light,image,https://apod.nasa.gov/apod/image/2009/DistantSpectra_ESO_960.jpg
21/09/2020,Omega Sunrise,image,https://apod.nasa.gov/apod/image/2009/OmegaSunSail_Sendra_960.jpg
22/09/2020,Equinox in the Sky,image,https://apod.nasa.gov/apod/image/2009/SunsetMonths_Vanzella_1080_annotated.jpg
15/08/2020,Mars at the Moon's Edge,image,https://apod.nasa.gov/apod/image/2008/MoonOverMars_Scauso_960.jpg
16/08/2020,NGC 6814: Grand Design Spiral Galaxy from Hubble,image,https://apod.nasa.gov/apod/image/2008/NGC6814_HubbleSchmidt_960.jpg
23/09/2020,ISS Transits Mars,image,https://apod.nasa.gov/apod/image/2009/MarsISS_Glenn_1000.jpg
24/09/2020,Enceladus in Infrared,image,https://apod.nasa.gov/apod/image/2009/PIA24023_fig1_1050.jpg
25/09/2020,Moon over Andromeda,image,https://apod.nasa.gov/apod/image/2009/m31abtpmoon1024.jpg
26/09/2020,Moon Pairs and the Synodic Month,image,https://apod.nasa.gov/apod/image/2009/PairsMoonPace.jpg
27/09/2020,Lightning over Colorado,image,https://apod.nasa.gov/apod/image/2009/LightningStorm_Randall_1080.jpg
28/09/2020,Filaments of the Cygnus Loop,image,https://apod.nasa.gov/apod/image/2009/CygnusFilament_HubbleShatz_1080.jpg
29/09/2020,GW Orionis: A Star System with Tilted Rings,video,https://www.youtube.com/embed/ictZttw3c98?rel=0
30/09/2020,Sonified: Eagle Nebula Pillars,video,https://www.youtube.com/embed/DzrCEm1ZBRY?rel=0
01/10/2020,Solis Lacus: The Eye of Mars,image,https://apod.nasa.gov/apod/image/2010/m2020_09_22Adp.jpg
02/10/2020,Biking to the Moon,image,https://apod.nasa.gov/apod/image/2010/IMG_7493Colour1024.jpg
03/10/2020,Driving to the Sun,image,https://apod.nasa.gov/apod/image/2010/SDO_2020Oct2_1024_0171.jpg
04/10/2020,"Orion Nebula in Oxygen, Hydrogen, and Sulfur",image,https://apod.nasa.gov/apod/image/2010/m42HSO_gonzalez_960.jpg
05/10/2020,NGC 5643: Nearby Spiral Galaxy from Hubble,image,https://apod.nasa.gov/apod/image/2010/NGC5643_HubbleZamani_960.jpg
06/10/2020,Mars Approach 2020,image,https://apod.nasa.gov/apod/image/2010/MarsApproach2_Grayson_960.jpg
07/10/2020,Ou4: A Giant Squid in a Flying Bat,image,https://apod.nasa.gov/apod/image/2010/SquidBat_Akar_960.jpg
08/10/2020,Mare Frigoris,image,https://apod.nasa.gov/apod/image/2010/MareFrigorisMattSmith1024.jpg
09/10/2020,The Very Large Array at Moonset,image,https://apod.nasa.gov/apod/image/2010/VLA_Moonset_NIK_0991_1024.jpg
10/10/2020,Virgo Cluster Galaxies,image,https://apod.nasa.gov/apod/image/2010/markarian_FernandoPena1024.jpg
11/10/2020,Milky Way over the Pinnacles in Australia,image,https://apod.nasa.gov/apod/image/2010/PinnaclesGalaxy_Goh_1080.jpg
12/10/2020,Descending Toward Asteroid Bennu,video,https://www.youtube.com/embed/fbEcHDfi-vM?rel=0
13/10/2020,"Mars, Pleiades, and Andromeda over Stone Lions",image,https://apod.nasa.gov/apod/image/2010/MarsTriangle_Ozkeser_960.jpg
14/10/2020,The Colorful Clouds of Rho Ophiuchi,image,https://apod.nasa.gov/apod/image/2010/RhoAntares_Abolfath_1080.jpg
15/10/2020,Galaxies in Pegasus,image,https://apod.nasa.gov/apod/image/2010/NGC7331eder_1024.jpg
16/10/2020,Planetary Nebula Abell 78,image,https://apod.nasa.gov/apod/image/2010/PN_Abell78-1_1024c1.jpg
17/10/2020,Cygnus: Bubble and Crescent,image,https://apod.nasa.gov/apod/image/2010/NGC6888WissamAyoub1024.jpg
18/10/2020,UGC 1810: Wildly Interacting Galaxy from Hubble,image,https://apod.nasa.gov/apod/image/2010/Arp273Main_HubblePestana_1080.jpg
19/10/2020,A Flight over Jupiter Near the Great Red Spot,video,https://www.youtube.com/embed/xh3EKDghbuU
20/10/2020,Saturn and Jupiter over Italian Peaks,image,https://apod.nasa.gov/apod/image/2010/JupiterSaturnPeaks_Hofer_960.jpg
21/10/2020,A Night Sky Vista from Sardinia,image,https://apod.nasa.gov/apod/image/2010/Quantrids_Slovinsky_960.jpg
22/10/2020,Tagging Bennu,image,https://apod.nasa.gov/apod/image/2010/d_tag-2-frames.jpg
23/10/2020,Supernova in NGC 2525,image,https://apod.nasa.gov/apod/image/2010/STScI_NGC2525_955x1024.jpg
24/10/2020,Globular Star Cluster 47 Tuc,image,https://apod.nasa.gov/apod/image/2010/ngc104v1Mtanous_1024.jpg
25/10/2020,Dark Matter in a Simulated Universe,image,https://apod.nasa.gov/apod/image/2010/DarkMatter_KipacAmnh_960.jpg
26/10/2020,Reflections of the Ghost Nebula,image,https://apod.nasa.gov/apod/image/2010/GhostNebula_Jarzyna_960.jpg
27/10/2020,Venusian Volcano Imagined,image,https://apod.nasa.gov/apod/image/2010/VenusVolcano_NasaRubin_1080.jpg
28/10/2020,NGC 6357: The Lobster Nebula,image,https://apod.nasa.gov/apod/image/2010/Lobster_Mohr_1080.jpg
29/10/2020,The Ghoul of IC 2118,image,https://apod.nasa.gov/apod/image/2010/GhoulGood_1024.jpg
30/10/2020,Fear and Dread: The Moons of Mars,image,https://apod.nasa.gov/apod/image/2010/PhobosDeimosOrbitTimesAnnotatedcopy.jpg
31/10/2020,A Galaxy of Horrors,image,https://apod.nasa.gov/apod/image/2010/1c-english-triplet-16.jpg
01/11/2020,In the Center of the Trifid Nebula,image,https://apod.nasa.gov/apod/image/2011/Trifid_HubbleGendler_960.jpg
02/11/2020,Half Sun with Prominence,image,https://apod.nasa.gov/apod/image/2011/HalfSunProm_Colacurcio_960.jpg
03/11/2020,Tagging Bennu: The Movie,video,https://www.youtube.com/embed/F6Tkb8syTK8?rel=0
04/11/2020,Fifty Gravitational Wave Events Illustrated,image,https://apod.nasa.gov/apod/image/2011/GWaveSources2020Oct_LigoVIrgo_960.jpg
05/11/2020,North of Orion's Belt,image,https://apod.nasa.gov/apod/image/2011/M78_LDN1622_BarnardsLoop_SEP27_28_Oct15_final1024.jpg
06/11/2020,Moon over ISS,image,https://apod.nasa.gov/apod/image/2011/ISSlunartransit110320closeup1024.jpg
07/11/2020,The Hercules Cluster of Galaxies,image,https://apod.nasa.gov/apod/image/2011/Abell2151_Howard_Trottier_2020_FFTelescope1024.jpg
08/11/2020,Martian Moon Phobos from Mars Express,image,https://apod.nasa.gov/apod/image/2011/phoboslimb_marsexpress_960.jpg
09/11/2020,In Green Company: Aurora over Norway,image,https://apod.nasa.gov/apod/image/2011/greencompany_rive_960.jpg
10/11/2020,The Central Soul Nebula Without Stars,image,https://apod.nasa.gov/apod/image/2011/IC1848_Guenzel_960.jpg
11/11/2020,Colors of the Moon,image,https://apod.nasa.gov/apod/image/2011/MoonColors_Pace_960.jpg
12/11/2020,Comet ATLAS and Orion's Belt,image,https://apod.nasa.gov/apod/image/2011/C2020M3Orion_CharlesBracken1024.jpg
13/11/2020,The Tarantula Zone,image,https://apod.nasa.gov/apod/image/2011/Tarantula_HOO_final_2_1024.jpg
14/11/2020,"Venus, Mercury, and the Waning Moon",image,https://apod.nasa.gov/apod/image/2011/lunaortyblue1200nodidasc.jpg
15/11/2020,Edge-On Galaxy NGC 5866,image,https://apod.nasa.gov/apod/image/2011/ngc5866_hst_960.jpg
16/11/2020,Light and Glory over Crete,image,https://apod.nasa.gov/apod/image/2011/CreteSky_Slovinsky_1080.jpg
17/11/2020,A Glowing STEVE and the Milky Way,image,https://apod.nasa.gov/apod/image/2011/SteveMilkyWay_NasaTrinder_960.jpg
18/11/2020,A Double Star Cluster in Perseus,image,https://apod.nasa.gov/apod/image/2011/DoubleCluster_Polanski_960.jpg
19/11/2020,Crew-1 Mission Launch Streak,image,https://apod.nasa.gov/apod/image/2011/spacex-crew-1-JenScottPhotography-11_1050.jpg
20/11/2020,Global Map: Mars at Opposition,image,https://apod.nasa.gov/apod/image/2011/marsglobalmap_1100.jpg
21/11/2020,Mars and Meteor over Jade Dragon Snow Mountain,image,https://apod.nasa.gov/apod/image/2011/LeonidmeteorandMarsoverYulongsnowmountain1050.jpg
22/11/2020,Dark Molecular Cloud Barnard 68,image,https://apod.nasa.gov/apod/image/2011/barnard68v2_vlt_960.jpg
23/11/2020,A Jupiter Vista from Juno,image,https://apod.nasa.gov/apod/image/2011/JupiterVista_JunoGill_1080.jpg
24/11/2020,The Helix Nebula from CFHT,image,https://apod.nasa.gov/apod/image/2011/Helix2_CFHT_960.jpg
25/11/2020,Andromeda over Patagonia,image,https://apod.nasa.gov/apod/image/2011/M31Horizon_Ferrarino_1080.jpg
26/11/2020,The Great Turkey Nebula,image,https://apod.nasa.gov/apod/image/2011/TheGreatTurkeyNebula1024.jpg
27/11/2020,Chang'e 5 Mission Launch,image,https://apod.nasa.gov/apod/image/2011/IMG_20201124052235_9280_px1050.jpg
28/11/2020,NGC 6822: Barnard's Galaxy,image,https://apod.nasa.gov/apod/image/2011/NGC-6822_1024.jpg
29/11/2020,Verona Rupes: Tallest Known Cliff in the Solar System,image,https://apod.nasa.gov/apod/image/2011/TallestCliff_Voyager2_1002.jpg
30/11/2020,Cygnus Without Stars,image,https://apod.nasa.gov/apod/image/2011/CygnusStarless_Cameron_960.jpg
01/12/2020,NGC 346: Star Forming Cluster in the SMC,image,https://apod.nasa.gov/apod/image/2012/Ngc346_HubbleSchmidt_960.jpg
02/12/2020,Eye of Moon,image,https://apod.nasa.gov/apod/image/2012/MoonEye_Cooley_960.jpg
03/12/2020,The Antennae Galaxies in Collision,image,https://apod.nasa.gov/apod/image/2012/AntennaeGpotw1345a_1024.jpg
04/12/2020,Curly Spiral Galaxy M63,image,https://apod.nasa.gov/apod/image/2012/Neyerm63_l1_1024.jpg
05/12/2020,Mons Rumker in the Ocean of Storms,image,https://apod.nasa.gov/apod/image/2012/MonsRumker_Letellier.jpg
06/12/2020,M16: Pillars of Star Creation,image,https://apod.nasa.gov/apod/image/2012/pillars8_hst_960.jpg
07/12/2020,Mammatus Clouds over Mount Rushmore,image,https://apod.nasa.gov/apod/image/2012/MammatusRushmore_Mattuzzi_960.jpg
08/12/2020,Great Conjunction over Sicilian Lighthouse,image,https://apod.nasa.gov/apod/image/2012/LighthouseJupSat_Saragozza_960.jpg
09/12/2020,Arecibo Telescope Collapse,video,https://www.youtube.com/embed/Eenw0p14ZrM?rel=0
10/12/2020,Simeis 147: Supernova Remnant,image,https://apod.nasa.gov/apod/image/2012/S147_GeorgesAttard1024.jpg
11/12/2020,Messier Craters in Stereo,image,https://apod.nasa.gov/apod/image/2012/MessierCrater3d_vantuyne1024c.jpg
12/12/2020,Saturn and Jupiter in Summer 2020,image,https://apod.nasa.gov/apod/image/2012/SaJu2020Lb_1024.jpg
13/12/2020,Geminid Meteors over Xinglong Observatory,image,https://apod.nasa.gov/apod/image/2012/GemindsXinglong_Steed_960.jpg
14/12/2020,Capsule Returns from Asteroid Ryugu,video,https://www.youtube.com/embed/NuLuCeawQSo?rel=0
15/12/2020,Great Conjunction: Saturn and Jupiter Converge,image,https://apod.nasa.gov/apod/image/2012/SaturnJupiter_Voltmer_960.jpg
16/12/2020,Sonified: The Matter of the Bullet Cluster,video,https://www.youtube.com/embed/sau5-39wK1c?rel=0
17/12/2020,Gemini's Meteors,image,https://apod.nasa.gov/apod/image/2012/GeminidMeteorsStePelle1024.jpg
18/12/2020,Diamond in the Sky,image,https://apod.nasa.gov/apod/image/2012/2020Dec14TSE_Ribas_IMG_9291c1024.jpg
19/12/2020,Conjunction after Sunset,image,https://apod.nasa.gov/apod/image/2012/ConjunctionPanorama1-S2_1024.jpg
20/12/2020,A Volcanic Great Conjunction,image,https://apod.nasa.gov/apod/image/2012/VolcanicConjunction_Sojuel_1080.jpg
21/12/2020,Solstice: Sunrises Around the Year,image,https://apod.nasa.gov/apod/image/2012/SunRiseYear_Abbadi_960.jpg
22/12/2020,Trifid Pillars and Jets,image,https://apod.nasa.gov/apod/image/2012/Trifid_HubbleMehla_1080.jpg
23/12/2020,Jupiter Meets Saturn: A Red Spotted Great Conjunction,image,https://apod.nasa.gov/apod/image/2012/GreatConjunction_Peach_960.jpg
24/12/2020,Portrait of NGC 1055,image,https://apod.nasa.gov/apod/image/2012/NGC1055_MP_1024c.jpg
25/12/2020,Northern Winter Night,image,https://apod.nasa.gov/apod/image/2012/WinterSceneBlock.jpg
26/12/2020,"Fox Fur, Unicorn, and Christmas Tree",image,https://apod.nasa.gov/apod/image/2012/ChristmasTree-ConeNebula-CumeadaObservatoryDSA-net1100.jpg
27/12/2020,Cosmic Latte: The Average Color of the Universe,image,https://apod.nasa.gov/apod/image/2012/cosmiclatte_jhu_960.jpg
28/12/2020,M16: Inside the Eagle Nebula,image,https://apod.nasa.gov/apod/image/2012/EagleNebula_Paladini_960.jpg
29/12/2020,Earth During a Total Solar Eclipse,video,https://www.youtube.com/embed/4Kkd2k0pDsI?rel=0
30/12/2020,Jupiter and Saturn Great Conjunction: The Movie,video,https://www.youtube.com/embed/aokGqxVdpz0?rel=0
31/12/2020,Trail of the Returner,image,https://apod.nasa.gov/apod/image/2012/fireball_trail2.jpg
